19/08/2019 16:40:58,0.0
19/08/2019 16:41:8,0.0
19/08/2019 16:42:5,-0.875
19/08/2019 16:43:6,-0.937
19/08/2019 16:44:5,-0.875
19/08/2019 16:45:5,-0.875
19/08/2019 16:46:6,-0.875
19/08/2019 16:47:6,-1.0
19/08/2019 16:48:6,-0.875
19/08/2019 16:49:6,-0.875
19/08/2019 16:50:6,-0.875
19/08/2019 16:51:5,-1.0
19/08/2019 16:52:6,-0.937
19/08/2019 16:53:6,-1.062
19/08/2019 16:54:6,-1.125
19/08/2019 16:55:6,-1.062
19/08/2019 16:56:6,-0.875
19/08/2019 16:57:6,-0.875
19/08/2019 16:58:6,-0.937
19/08/2019 16:59:6,-0.875
19/08/2019 17:00:6,-1.062
19/08/2019 17:01:6,-0.875
19/08/2019 17:02:6,-1.125
19/08/2019 17:03:6,-0.875
19/08/2019 17:04:6,-0.937
19/08/2019 17:05:6,-0.875
19/08/2019 17:06:6,-0.875
19/08/2019 17:07:6,-0.875
19/08/2019 17:08:6,-0.75
19/08/2019 17:09:6,-0.812
19/08/2019 17:10:6,-1.187
19/08/2019 17:11:5,-0.875
19/08/2019 17:12:6,-1.062
19/08/2019 17:13:6,-0.812
19/08/2019 17:14:6,-1.125
19/08/2019 17:15:6,-1.0
19/08/2019 17:16:6,-0.875
19/08/2019 17:17:6,-0.937
19/08/2019 17:18:6,-0.937
19/08/2019 17:19:6,-0.875
19/08/2019 17:20:5,-0.875
19/08/2019 17:21:5,-1.125
19/08/2019 17:22:6,-0.875
19/08/2019 17:23:6,-0.875
19/08/2019 17:24:6,-0.875
19/08/2019 17:25:5,-0.875
19/08/2019 17:26:6,-0.875
19/08/2019 17:27:5,-0.875
19/08/2019 17:28:6,-0.937
19/08/2019 17:29:6,-0.937
19/08/2019 17:30:6,-0.812
19/08/2019 17:31:5,-0.937
19/08/2019 17:32:6,-0.875
19/08/2019 17:33:6,-1.0
19/08/2019 17:34:7,-0.937
19/08/2019 17:35:6,-1.062
19/08/2019 17:36:6,-0.875
19/08/2019 17:37:6,-0.937
19/08/2019 17:38:6,-0.875
19/08/2019 17:39:6,-0.812
19/08/2019 17:40:7,-1.0
19/08/2019 17:41:5,-0.812
19/08/2019 17:42:6,-0.875
19/08/2019 17:43:5,-0.812
19/08/2019 17:44:6,-0.937
19/08/2019 17:45:6,-1.0
19/08/2019 17:46:6,-0.812
19/08/2019 17:47:6,-0.875
19/08/2019 17:48:6,-1.0
19/08/2019 17:49:6,-1.0
19/08/2019 17:50:6,-0.875
19/08/2019 17:51:6,-0.812
19/08/2019 17:52:6,-0.937
19/08/2019 17:53:6,-0.937
19/08/2019 17:54:6,-0.875
19/08/2019 17:55:6,-1.0
19/08/2019 17:56:6,-0.812
19/08/2019 17:57:6,-0.812
19/08/2019 17:58:6,-0.812
19/08/2019 17:59:5,-1.0
19/08/2019 18:00:6,-0.812
19/08/2019 18:01:5,-1.062
19/08/2019 18:02:6,-0.937
19/08/2019 18:03:5,-0.875
19/08/2019 18:04:6,-0.875
19/08/2019 18:05:6,-0.937
19/08/2019 18:06:7,-0.812
19/08/2019 18:07:5,-1.0
19/08/2019 18:08:6,-0.812
19/08/2019 18:09:5,-0.812
19/08/2019 18:10:6,-0.812
19/08/2019 18:11:6,-0.937
19/08/2019 18:12:6,-0.937
19/08/2019 18:13:6,-1.0
19/08/2019 18:14:6,-0.875
19/08/2019 18:15:6,-1.0
19/08/2019 18:16:6,-1.0
19/08/2019 18:17:6,-1.0
19/08/2019 18:18:6,-1.0
19/08/2019 18:19:6,-0.875
19/08/2019 18:20:6,-0.812
19/08/2019 18:21:6,-0.875
19/08/2019 18:22:6,-0.875
19/08/2019 18:23:6,-0.875
19/08/2019 18:24:6,-0.812
19/08/2019 18:25:6,-1.0
19/08/2019 18:26:6,-0.812
19/08/2019 18:27:5,-0.937
19/08/2019 18:28:6,-1.062
19/08/2019 18:29:5,-0.937
19/08/2019 18:30:6,-0.937
19/08/2019 18:31:6,-1.0
19/08/2019 18:32:6,-1.0
19/08/2019 18:33:6,-0.875
19/08/2019 18:34:6,-0.875
19/08/2019 18:35:6,-0.937
19/08/2019 18:36:6,-0.812
19/08/2019 18:37:5,-0.937
19/08/2019 18:38:5,-0.875
19/08/2019 18:39:6,-0.812
19/08/2019 18:40:6,-0.812
19/08/2019 18:41:6,-0.875
19/08/2019 18:42:6,-0.875
19/08/2019 18:43:6,-0.812
19/08/2019 18:44:6,-0.812
19/08/2019 18:45:6,-0.875
19/08/2019 18:46:6,-0.875
19/08/2019 18:47:6,-0.875
19/08/2019 18:48:6,-0.875
19/08/2019 18:49:6,-0.875
19/08/2019 18:50:6,-0.812
19/08/2019 18:51:6,-0.812
19/08/2019 18:52:6,-0.812
19/08/2019 18:53:6,-0.812
19/08/2019 18:54:6,-0.812
19/08/2019 18:55:6,-0.875
19/08/2019 18:56:6,-0.812
19/08/2019 18:57:6,-0.875
19/08/2019 18:58:6,-0.875
19/08/2019 18:59:6,-0.812
19/08/2019 19:00:6,-0.812
19/08/2019 19:01:6,-0.812
19/08/2019 19:02:5,-0.812
19/08/2019 19:03:6,-0.937
19/08/2019 19:04:6,-1.0
19/08/2019 19:05:6,-0.937
19/08/2019 19:06:7,-0.937
19/08/2019 19:07:5,-0.875
19/08/2019 19:08:7,-0.875
19/08/2019 19:09:5,-0.812
19/08/2019 19:10:6,-0.875
19/08/2019 19:11:6,-1.062
19/08/2019 19:12:6,-1.062
19/08/2019 19:13:6,-0.937
19/08/2019 19:14:5,-0.875
19/08/2019 19:15:6,-0.875
19/08/2019 19:16:5,-1.062
19/08/2019 19:17:6,-0.812
19/08/2019 19:18:6,-1.0
19/08/2019 19:19:6,-0.812
19/08/2019 19:20:6,-0.937
19/08/2019 19:21:6,-1.0
19/08/2019 19:22:6,-0.937
19/08/2019 19:23:7,-0.812
19/08/2019 19:24:6,-0.812
19/08/2019 19:25:6,-0.875
19/08/2019 19:26:6,-0.875
19/08/2019 19:27:6,-0.875
19/08/2019 19:28:6,-0.937
19/08/2019 19:29:7,-0.937
19/08/2019 19:30:6,-0.875
19/08/2019 19:31:6,-0.875
19/08/2019 19:32:6,-0.875
19/08/2019 19:33:6,-0.812
19/08/2019 19:34:5,-0.875
19/08/2019 19:35:6,-0.875
19/08/2019 19:36:6,-1.0
19/08/2019 19:37:5,-0.937
19/08/2019 19:38:6,-0.875
19/08/2019 19:39:6,-0.875
19/08/2019 19:40:6,-0.875
19/08/2019 19:41:5,-0.937
19/08/2019 19:42:6,-0.812
19/08/2019 19:43:6,-0.812
19/08/2019 19:44:6,-1.0
19/08/2019 19:45:6,-0.875
19/08/2019 19:46:6,-1.0
19/08/2019 19:47:5,-1.062
19/08/2019 19:48:6,-0.937
19/08/2019 19:49:5,-1.0
19/08/2019 19:50:6,-0.875
19/08/2019 19:51:6,-0.812
19/08/2019 19:52:6,-1.0
19/08/2019 19:53:6,-0.812
19/08/2019 19:54:6,-0.875
19/08/2019 19:55:6,-1.0
19/08/2019 19:56:6,-1.062
19/08/2019 19:57:6,-0.812
19/08/2019 19:58:6,-0.875
19/08/2019 19:59:6,-0.812
19/08/2019 20:00:7,-0.875
19/08/2019 20:01:5,-1.0
19/08/2019 20:02:6,-0.875
19/08/2019 20:03:6,-0.812
19/08/2019 20:04:6,-0.937
19/08/2019 20:05:6,-0.875
19/08/2019 20:06:6,-0.812
19/08/2019 20:07:6,-0.75
19/08/2019 20:08:6,-1.0
19/08/2019 20:09:6,-0.812
19/08/2019 20:10:6,-1.0
19/08/2019 20:11:5,-0.812
19/08/2019 20:12:6,-1.062
19/08/2019 20:13:6,-0.875
19/08/2019 20:14:6,-0.75
19/08/2019 20:15:6,-0.937
19/08/2019 20:16:6,-0.937
19/08/2019 20:17:5,-1.125
19/08/2019 20:18:6,-0.875
19/08/2019 20:19:6,-0.875
19/08/2019 20:20:7,-0.812
19/08/2019 20:21:6,-0.875
19/08/2019 20:22:6,-0.812
19/08/2019 20:23:6,-0.812
19/08/2019 20:24:6,-0.875
19/08/2019 20:25:5,-0.812
19/08/2019 20:26:6,-0.875
19/08/2019 20:27:6,-1.0
19/08/2019 20:28:6,-0.812
19/08/2019 20:29:6,-0.875
19/08/2019 20:30:7,-0.812
19/08/2019 20:31:6,-0.75
19/08/2019 20:32:6,-0.937
19/08/2019 20:33:6,-0.875
19/08/2019 20:34:6,-1.0
19/08/2019 20:35:6,-0.812
19/08/2019 20:36:6,-0.875
19/08/2019 20:37:6,-1.062
19/08/2019 20:38:6,-0.812
19/08/2019 20:39:6,-1.0
19/08/2019 20:40:6,-0.875
19/08/2019 20:41:6,-0.875
19/08/2019 20:42:6,-0.875
19/08/2019 20:43:6,-0.875
19/08/2019 20:44:6,-0.937
19/08/2019 20:45:6,-1.062
19/08/2019 20:46:7,-1.0
19/08/2019 20:47:6,-0.937
19/08/2019 20:48:6,-0.937
19/08/2019 20:49:6,-0.812
19/08/2019 20:50:6,-0.937
19/08/2019 20:51:5,-0.812
19/08/2019 20:52:6,-0.812
19/08/2019 20:53:6,-1.0
19/08/2019 20:54:6,-1.0
19/08/2019 20:55:6,-0.875
19/08/2019 20:56:6,-0.75
19/08/2019 20:57:5,-0.812
19/08/2019 20:58:6,-0.812
19/08/2019 20:59:6,-0.75
19/08/2019 21:00:6,-0.75
19/08/2019 21:01:6,-1.0
19/08/2019 21:02:5,-0.937
19/08/2019 21:03:6,-0.937
19/08/2019 21:04:6,-0.875
19/08/2019 21:05:6,-0.812
19/08/2019 21:06:6,-0.687
19/08/2019 21:07:6,-0.875
19/08/2019 21:08:6,-0.687
19/08/2019 21:09:6,-0.75
19/08/2019 21:10:6,-0.687
19/08/2019 21:11:5,-0.687
19/08/2019 21:12:6,-0.562
19/08/2019 21:13:6,-0.875
19/08/2019 21:14:6,-0.875
19/08/2019 21:15:6,-0.75
19/08/2019 21:16:6,-0.625
19/08/2019 21:17:6,-0.687
19/08/2019 21:18:6,-0.687
19/08/2019 21:19:6,-0.625
19/08/2019 21:20:6,-0.562
19/08/2019 21:21:6,-0.562
19/08/2019 21:22:6,-0.625
19/08/2019 21:23:6,-0.5
19/08/2019 21:24:6,-0.687
19/08/2019 21:25:6,-0.687
19/08/2019 21:26:6,-0.562
19/08/2019 21:27:6,-0.562
19/08/2019 21:28:6,-0.75
19/08/2019 21:29:6,-0.75
19/08/2019 21:30:6,-0.687
19/08/2019 21:31:6,-0.562
19/08/2019 21:32:6,-0.75
19/08/2019 21:33:6,-0.562
19/08/2019 21:34:6,-0.5
19/08/2019 21:35:6,-0.5
19/08/2019 21:36:6,-0.75
19/08/2019 21:37:5,-0.5
19/08/2019 21:38:6,-0.5
19/08/2019 21:39:6,-0.562
19/08/2019 21:40:6,-0.437
19/08/2019 21:41:6,-0.5
19/08/2019 21:42:6,-0.687
19/08/2019 21:43:6,-0.5
19/08/2019 21:44:6,-0.5
19/08/2019 21:45:6,-0.5
19/08/2019 21:46:7,-0.687
19/08/2019 21:47:6,-0.375
19/08/2019 21:48:6,-0.687
19/08/2019 21:49:6,-0.5
19/08/2019 21:50:6,-0.687
19/08/2019 21:51:6,-0.75
19/08/2019 21:52:6,-0.562
19/08/2019 21:53:6,-0.5
19/08/2019 21:54:6,-0.5
19/08/2019 21:55:6,-0.5
19/08/2019 21:56:6,-0.437
19/08/2019 21:57:6,-0.5
19/08/2019 21:58:6,-0.562
19/08/2019 21:59:6,-0.5
19/08/2019 22:00:6,-0.5
19/08/2019 22:01:6,-0.5
19/08/2019 22:02:6,-0.562
19/08/2019 22:03:5,-0.5
19/08/2019 22:04:5,-0.437
19/08/2019 22:05:5,-0.562
19/08/2019 22:06:6,-0.437
19/08/2019 22:07:6,-0.5
19/08/2019 22:08:5,-0.437
19/08/2019 22:09:5,-0.5
19/08/2019 22:10:6,-0.375
19/08/2019 22:11:6,-0.312
19/08/2019 22:12:6,-0.562
19/08/2019 22:13:6,-0.375
19/08/2019 22:14:6,-0.375
19/08/2019 22:15:5,-0.375
19/08/2019 22:16:6,-0.562
19/08/2019 22:17:6,-0.375
19/08/2019 22:18:6,-0.5
19/08/2019 22:19:6,-0.312
19/08/2019 22:20:6,-0.312
19/08/2019 22:21:6,-0.375
19/08/2019 22:22:6,-0.562
19/08/2019 22:23:6,-0.375
19/08/2019 22:24:6,-0.437
19/08/2019 22:25:5,-0.5
19/08/2019 22:26:7,-0.5
19/08/2019 22:27:6,-0.5
19/08/2019 22:28:6,-0.375
19/08/2019 22:29:5,-0.312
19/08/2019 22:30:6,-0.437
19/08/2019 22:31:6,-0.375
19/08/2019 22:32:6,-0.25
19/08/2019 22:33:6,-0.437
19/08/2019 22:34:6,-0.25
19/08/2019 22:35:6,-0.312
19/08/2019 22:36:6,-0.312
19/08/2019 22:37:6,-0.25
19/08/2019 22:38:6,-0.25
19/08/2019 22:39:6,-0.187
19/08/2019 22:40:6,-0.437
19/08/2019 22:41:6,-0.187
19/08/2019 22:42:6,-0.375
19/08/2019 22:43:5,-0.312
19/08/2019 22:44:6,-0.312
19/08/2019 22:45:6,-0.375
19/08/2019 22:46:6,-0.375
19/08/2019 22:47:6,-0.187
19/08/2019 22:48:6,-0.187
19/08/2019 22:49:6,-0.187
19/08/2019 22:50:6,-0.187
19/08/2019 22:51:6,-0.187
19/08/2019 22:52:6,-0.25
19/08/2019 22:53:6,-0.25
19/08/2019 22:54:6,-0.25
19/08/2019 22:55:5,-0.375
19/08/2019 22:56:6,-0.187
19/08/2019 22:57:5,-0.187
19/08/2019 22:58:6,-0.125
19/08/2019 22:59:6,-0.25
19/08/2019 23:00:6,-0.437
19/08/2019 23:01:6,-0.25
19/08/2019 23:02:6,-0.125
19/08/2019 23:03:5,-0.187
19/08/2019 23:04:6,-0.375
19/08/2019 23:05:6,-0.187
19/08/2019 23:06:5,-0.187
19/08/2019 23:07:6,-0.25
19/08/2019 23:08:6,-0.187
19/08/2019 23:09:6,-0.187
19/08/2019 23:10:5,-0.125
19/08/2019 23:11:5,-0.25
19/08/2019 23:12:6,-0.187
19/08/2019 23:13:6,-0.25
19/08/2019 23:14:6,-0.187
19/08/2019 23:15:5,-0.125
19/08/2019 23:16:6,-0.312
19/08/2019 23:17:6,-0.125
19/08/2019 23:18:6,-0.25
19/08/2019 23:19:6,-0.125
19/08/2019 23:20:6,-0.187
19/08/2019 23:21:6,-0.125
19/08/2019 23:22:6,-0.187
19/08/2019 23:23:6,-0.125
19/08/2019 23:24:7,-0.125
19/08/2019 23:25:6,-0.187
19/08/2019 23:26:6,-0.187
19/08/2019 23:27:5,-0.187
19/08/2019 23:28:5,-0.187
19/08/2019 23:29:6,-0.125
19/08/2019 23:30:6,-0.375
19/08/2019 23:31:5,-0.25
19/08/2019 23:32:6,-0.062
19/08/2019 23:33:6,-0.062
19/08/2019 23:34:6,-0.312
19/08/2019 23:35:6,-0.125
19/08/2019 23:36:6,-0.125
19/08/2019 23:37:6,-0.187
19/08/2019 23:38:6,-0.312
19/08/2019 23:39:5,-0.187
19/08/2019 23:40:6,-0.25
19/08/2019 23:41:6,-0.187
19/08/2019 23:42:6,-0.312
19/08/2019 23:43:6,-0.187
19/08/2019 23:44:6,-0.187
19/08/2019 23:45:6,-0.125
19/08/2019 23:46:6,-0.187
19/08/2019 23:47:6,-0.187
19/08/2019 23:48:6,-0.25
19/08/2019 23:49:6,-0.312
19/08/2019 23:50:6,-0.062
19/08/2019 23:51:5,-0.125
19/08/2019 23:52:6,-0.125
19/08/2019 23:53:6,-0.187
19/08/2019 23:54:6,-0.312
19/08/2019 23:55:6,-0.125
19/08/2019 23:56:6,-0.187
19/08/2019 23:57:6,-0.062
19/08/2019 23:58:6,-0.187
19/08/2019 23:59:5,-0.312
20/08/2019 00:00:6,-0.312
20/08/2019 00:01:6,-0.375
20/08/2019 00:02:7,-0.187
20/08/2019 00:03:6,-0.062
20/08/2019 00:04:7,-0.062
20/08/2019 00:05:5,-0.062
20/08/2019 00:06:6,-0.062
20/08/2019 00:07:6,-0.125
20/08/2019 00:08:6,-0.25
20/08/2019 00:09:6,-0.062
20/08/2019 00:10:7,0.0
20/08/2019 00:11:6,-0.062
20/08/2019 00:12:6,-0.062
20/08/2019 00:13:6,0.0
20/08/2019 00:14:6,-0.062
20/08/2019 00:15:6,-0.187
20/08/2019 00:16:6,-0.062
20/08/2019 00:17:5,-0.062
20/08/2019 00:18:6,-0.187
20/08/2019 00:19:6,-0.187
20/08/2019 00:20:6,-0.125
20/08/2019 00:21:6,-0.187
20/08/2019 00:22:6,-0.125
20/08/2019 00:23:6,-0.125
20/08/2019 00:24:6,-0.125
20/08/2019 00:25:6,-0.125
20/08/2019 00:26:6,-0.062
20/08/2019 00:27:6,-0.187
20/08/2019 00:28:6,-0.125
20/08/2019 00:29:6,-0.125
20/08/2019 00:30:6,-0.25
20/08/2019 00:31:6,-0.062
20/08/2019 00:32:5,-0.25
20/08/2019 00:33:6,-0.062
20/08/2019 00:34:6,-0.25
20/08/2019 00:35:6,0.0
20/08/2019 00:36:6,0.0
20/08/2019 00:37:6,-0.062
20/08/2019 00:38:6,0.0
20/08/2019 00:39:6,-0.125
20/08/2019 00:40:6,-0.062
20/08/2019 00:41:5,0.0
20/08/2019 00:42:6,-0.062
20/08/2019 00:43:5,0.0
20/08/2019 00:44:6,-0.062
20/08/2019 00:45:6,-0.25
20/08/2019 00:46:6,-0.187
20/08/2019 00:47:6,0.0
20/08/2019 00:48:6,-0.187
20/08/2019 00:49:6,0.0
20/08/2019 00:50:6,-0.062
20/08/2019 00:51:6,0.0
20/08/2019 00:52:6,0.0
20/08/2019 00:53:6,0.0
20/08/2019 00:54:6,-0.062
20/08/2019 00:55:6,0.0
20/08/2019 00:56:6,-0.125
20/08/2019 00:57:5,0.0
20/08/2019 00:58:6,0.0
20/08/2019 00:59:6,0.0
20/08/2019 01:00:6,0.0
20/08/2019 01:01:6,0.0
20/08/2019 01:02:6,-0.062
20/08/2019 01:03:6,-0.187
20/08/2019 01:04:6,0.062
20/08/2019 01:05:6,0.062
20/08/2019 01:06:7,-0.187
20/08/2019 01:07:6,-0.125
20/08/2019 01:08:6,0.062
20/08/2019 01:09:5,-0.062
20/08/2019 01:10:6,-0.062
20/08/2019 01:11:6,0.062
20/08/2019 01:12:6,0.062
20/08/2019 01:13:6,0.062
20/08/2019 01:14:6,-0.125
20/08/2019 01:15:5,0.0
20/08/2019 01:16:6,0.0
20/08/2019 01:17:5,-0.187
20/08/2019 01:18:6,-0.125
20/08/2019 01:19:6,0.125
20/08/2019 01:20:7,0.0
20/08/2019 01:21:6,0.062
20/08/2019 01:22:6,0.062
20/08/2019 01:23:6,-0.187
20/08/2019 01:24:6,0.0
20/08/2019 01:25:6,-0.125
20/08/2019 01:26:6,0.0
20/08/2019 01:27:6,0.062
20/08/2019 01:28:6,0.0
20/08/2019 01:29:6,0.0
20/08/2019 01:30:5,0.0
20/08/2019 01:31:6,0.062
20/08/2019 01:33:9,-0.062
20/08/2019 01:34:5,-0.125
20/08/2019 01:35:6,0.0
20/08/2019 01:36:6,0.062
20/08/2019 01:37:6,-0.062
20/08/2019 01:38:6,0.062
20/08/2019 01:39:6,0.0
20/08/2019 01:40:6,0.062
20/08/2019 01:41:6,0.062
20/08/2019 01:42:6,-0.187
20/08/2019 01:43:5,0.062
20/08/2019 01:44:6,-0.125
20/08/2019 01:45:6,0.062
20/08/2019 01:46:6,0.0
20/08/2019 01:47:6,0.062
20/08/2019 01:48:6,0.062
20/08/2019 01:49:6,0.062
20/08/2019 01:50:6,0.125
20/08/2019 01:51:6,-0.062
20/08/2019 01:52:6,-0.187
20/08/2019 01:53:6,0.062
20/08/2019 01:54:6,0.125
20/08/2019 01:55:6,0.062
20/08/2019 01:56:6,0.187
20/08/2019 01:57:6,0.062
20/08/2019 01:58:6,0.062
20/08/2019 01:59:6,0.125
20/08/2019 02:00:6,-0.062
20/08/2019 02:01:5,-0.125
20/08/2019 02:02:6,0.062
20/08/2019 02:03:6,-0.062
20/08/2019 02:04:6,-0.125
20/08/2019 02:05:6,-0.125
20/08/2019 02:06:6,0.125
20/08/2019 02:07:5,0.062
20/08/2019 02:08:6,0.062
20/08/2019 02:09:6,0.062
20/08/2019 02:10:6,0.187
20/08/2019 02:11:6,0.0
20/08/2019 02:12:6,0.125
20/08/2019 02:13:5,0.125
20/08/2019 02:14:6,0.062
20/08/2019 02:15:6,0.0
20/08/2019 02:16:6,0.187
20/08/2019 02:17:6,0.125
20/08/2019 02:18:6,0.0
20/08/2019 02:19:6,0.062
20/08/2019 02:20:6,0.125
20/08/2019 02:21:6,-0.062
20/08/2019 02:22:6,-0.062
20/08/2019 02:23:6,-0.125
20/08/2019 02:24:6,0.0
20/08/2019 02:25:6,0.125
20/08/2019 02:26:6,0.187
20/08/2019 02:27:6,0.187
20/08/2019 02:28:6,0.0
20/08/2019 02:29:6,0.187
20/08/2019 02:30:6,0.0
20/08/2019 02:31:6,0.125
20/08/2019 02:32:6,0.062
20/08/2019 02:33:6,0.0
20/08/2019 02:34:6,0.125
20/08/2019 02:35:6,0.0
20/08/2019 02:36:6,0.125
20/08/2019 02:37:6,0.25
20/08/2019 02:38:6,0.187
20/08/2019 02:39:6,0.187
20/08/2019 02:40:6,0.25
20/08/2019 02:41:6,0.062
20/08/2019 02:42:6,0.25
20/08/2019 02:43:6,0.25
20/08/2019 02:44:6,0.312
20/08/2019 02:45:6,0.25
20/08/2019 02:46:6,0.062
20/08/2019 02:47:5,0.062
20/08/2019 02:48:6,0.25
20/08/2019 02:49:6,0.312
20/08/2019 02:50:6,0.062
20/08/2019 02:51:5,0.25
20/08/2019 02:52:6,0.25
20/08/2019 02:53:6,0.25
20/08/2019 02:54:6,0.312
20/08/2019 02:55:6,0.062
20/08/2019 02:56:6,0.062
20/08/2019 02:57:6,0.125
20/08/2019 02:58:6,0.25
20/08/2019 02:59:6,0.312
20/08/2019 03:00:6,0.312
20/08/2019 03:01:5,0.312
20/08/2019 03:02:6,0.125
20/08/2019 03:03:6,0.375
20/08/2019 03:04:6,0.312
20/08/2019 03:05:6,0.312
20/08/2019 03:06:6,0.375
20/08/2019 03:07:6,0.312
20/08/2019 03:08:6,0.187
20/08/2019 03:09:6,0.375
20/08/2019 03:10:6,0.437
20/08/2019 03:11:6,0.375
20/08/2019 03:12:6,0.437
20/08/2019 03:13:6,0.25
20/08/2019 03:14:6,0.437
20/08/2019 03:15:6,0.5
20/08/2019 03:16:6,0.437
20/08/2019 03:17:6,0.5
20/08/2019 03:18:6,0.437
20/08/2019 03:19:6,0.437
20/08/2019 03:20:6,0.437
20/08/2019 03:21:6,0.312
20/08/2019 03:22:6,0.25
20/08/2019 03:23:6,0.437
20/08/2019 03:24:6,0.312
20/08/2019 03:25:6,0.437
20/08/2019 03:26:6,0.5
20/08/2019 03:27:5,0.375
20/08/2019 03:28:6,0.562
20/08/2019 03:29:6,0.375
20/08/2019 03:30:6,0.312
20/08/2019 03:31:6,0.562
20/08/2019 03:32:6,0.437
20/08/2019 03:33:6,0.562
20/08/2019 03:34:7,0.562
20/08/2019 03:35:6,0.625
20/08/2019 03:36:6,0.562
20/08/2019 03:37:5,0.625
20/08/2019 03:38:6,0.562
20/08/2019 03:39:6,0.687
20/08/2019 03:40:6,0.437
20/08/2019 03:41:6,0.625
20/08/2019 03:42:6,0.437
20/08/2019 03:43:6,0.687
20/08/2019 03:44:6,0.687
20/08/2019 03:45:6,0.687
20/08/2019 03:46:6,0.625
20/08/2019 03:47:6,0.562
20/08/2019 03:48:6,0.562
20/08/2019 03:49:6,0.625
20/08/2019 03:50:6,0.562
20/08/2019 03:51:5,0.75
20/08/2019 03:52:6,0.687
20/08/2019 03:53:6,0.687
20/08/2019 03:54:6,0.812
20/08/2019 03:55:6,0.812
20/08/2019 03:56:6,0.875
20/08/2019 03:57:6,0.625
20/08/2019 03:58:6,0.875
20/08/2019 03:59:5,0.812
20/08/2019 04:00:6,0.812
20/08/2019 04:01:5,0.875
20/08/2019 04:02:6,0.875
20/08/2019 04:03:6,0.687
20/08/2019 04:04:6,0.75
20/08/2019 04:05:6,0.937
20/08/2019 04:06:6,0.875
20/08/2019 04:07:5,0.812
20/08/2019 04:08:6,0.937
20/08/2019 04:09:6,0.875
20/08/2019 04:10:6,1.062
20/08/2019 04:11:6,1.0
20/08/2019 04:12:6,0.812
20/08/2019 04:13:6,1.0
20/08/2019 04:14:5,1.0
20/08/2019 04:15:6,1.062
20/08/2019 04:16:6,1.062
20/08/2019 04:17:6,1.062
20/08/2019 04:18:6,1.0
20/08/2019 04:19:6,1.062
20/08/2019 04:20:6,1.125
20/08/2019 04:21:6,1.0
20/08/2019 04:22:6,1.0
20/08/2019 04:23:5,1.062
20/08/2019 04:24:6,1.125
20/08/2019 04:25:6,1.062
20/08/2019 04:26:6,1.125
20/08/2019 04:27:6,0.937
20/08/2019 04:28:6,0.937
20/08/2019 04:29:6,1.0
20/08/2019 04:30:6,1.187
20/08/2019 04:31:5,1.125
20/08/2019 04:32:6,1.125
20/08/2019 04:33:6,1.25
20/08/2019 04:34:6,1.25
20/08/2019 04:35:6,1.312
20/08/2019 04:36:6,1.125
20/08/2019 04:37:6,1.125
20/08/2019 04:38:6,1.312
20/08/2019 04:39:6,1.25
20/08/2019 04:40:6,1.125
20/08/2019 04:41:6,1.187
20/08/2019 04:42:6,1.062
20/08/2019 04:43:6,1.375
20/08/2019 04:44:6,1.312
20/08/2019 04:45:5,1.25
20/08/2019 04:46:6,1.125
20/08/2019 04:47:5,1.375
20/08/2019 04:48:6,1.375
20/08/2019 04:49:6,1.375
20/08/2019 04:50:6,1.375
20/08/2019 04:51:6,1.312
20/08/2019 04:52:6,1.375
20/08/2019 04:53:5,1.25
20/08/2019 04:54:6,1.437
20/08/2019 04:55:5,1.25
20/08/2019 04:56:6,1.25
20/08/2019 04:57:6,1.187
20/08/2019 04:58:6,1.25
20/08/2019 04:59:6,1.375
20/08/2019 05:00:6,1.375
20/08/2019 05:01:6,1.5
20/08/2019 05:02:6,1.437
20/08/2019 05:03:6,1.5
20/08/2019 05:04:5,1.375
20/08/2019 05:05:6,1.5
20/08/2019 05:06:6,1.5
20/08/2019 05:07:6,1.562
20/08/2019 05:08:6,1.437
20/08/2019 05:09:5,1.5
20/08/2019 05:10:6,1.437
20/08/2019 05:11:6,1.562
20/08/2019 05:12:6,1.437
20/08/2019 05:13:6,1.312
20/08/2019 05:14:6,1.562
20/08/2019 05:15:6,1.562
20/08/2019 05:16:6,1.625
20/08/2019 05:17:6,1.625
20/08/2019 05:18:6,1.562
20/08/2019 05:19:6,1.562
20/08/2019 05:20:6,1.562
20/08/2019 05:21:6,1.625
20/08/2019 05:22:6,1.625
20/08/2019 05:23:6,1.437
20/08/2019 05:24:6,1.437
20/08/2019 05:25:6,1.5
20/08/2019 05:26:6,1.625
20/08/2019 05:27:6,1.5
20/08/2019 05:28:5,1.437
20/08/2019 05:29:5,1.625
20/08/2019 05:30:6,1.5
20/08/2019 05:31:5,1.687
20/08/2019 05:32:6,1.625
20/08/2019 05:33:6,1.562
20/08/2019 05:34:6,1.75
20/08/2019 05:35:6,1.687
20/08/2019 05:36:6,1.75
20/08/2019 05:37:6,1.687
20/08/2019 05:38:6,1.625
20/08/2019 05:39:6,1.625
20/08/2019 05:40:6,1.5
20/08/2019 05:41:6,1.687
20/08/2019 05:42:6,1.687
20/08/2019 05:43:4,1.812
20/08/2019 05:44:6,1.562
20/08/2019 05:45:6,1.75
20/08/2019 05:46:6,1.75
20/08/2019 05:47:5,1.812
20/08/2019 05:48:6,1.687
20/08/2019 05:49:6,1.75
20/08/2019 05:50:6,1.75
20/08/2019 05:51:6,1.812
20/08/2019 05:52:6,1.75
20/08/2019 05:53:6,1.75
20/08/2019 05:54:6,1.875
20/08/2019 05:55:6,1.75
20/08/2019 05:56:6,1.687
20/08/2019 05:57:4,1.812
20/08/2019 05:58:6,1.75
20/08/2019 05:59:6,1.75
20/08/2019 06:00:6,1.875
20/08/2019 06:01:6,1.937
20/08/2019 06:02:6,1.812
20/08/2019 06:03:5,1.687
20/08/2019 06:04:6,1.625
20/08/2019 06:05:6,1.875
20/08/2019 06:06:6,1.875
20/08/2019 06:07:6,1.937
20/08/2019 06:08:6,1.875
20/08/2019 06:09:5,1.875
20/08/2019 06:10:6,1.875
20/08/2019 06:11:5,1.875
20/08/2019 06:12:6,1.812
20/08/2019 06:13:6,1.875
20/08/2019 06:14:6,1.937
20/08/2019 06:15:6,2.0
20/08/2019 06:16:6,1.875
20/08/2019 06:17:6,1.937
20/08/2019 06:18:6,2.0
20/08/2019 06:19:6,1.875
20/08/2019 06:20:6,1.937
20/08/2019 06:21:6,1.937
20/08/2019 06:22:6,2.0
20/08/2019 06:23:6,2.0
20/08/2019 06:24:6,1.937
20/08/2019 06:25:6,2.0
20/08/2019 06:26:6,1.937
20/08/2019 06:27:6,2.062
20/08/2019 06:28:6,2.062
20/08/2019 06:29:6,2.0
20/08/2019 06:30:6,2.0
20/08/2019 06:31:6,2.0
20/08/2019 06:32:6,1.937
20/08/2019 06:33:6,2.0
20/08/2019 06:34:6,2.0
20/08/2019 06:35:5,2.0
20/08/2019 06:36:6,2.0
20/08/2019 06:37:6,2.062
20/08/2019 06:38:6,2.062
20/08/2019 06:39:5,2.0
20/08/2019 06:40:6,2.0
20/08/2019 06:41:5,1.812
20/08/2019 06:42:6,2.125
20/08/2019 06:43:6,2.062
20/08/2019 06:44:7,2.125
20/08/2019 06:45:6,2.187
20/08/2019 06:46:6,2.0
20/08/2019 06:47:6,2.062
20/08/2019 06:48:6,2.125
20/08/2019 06:49:6,2.125
20/08/2019 06:50:6,2.062
20/08/2019 06:51:6,2.125
20/08/2019 06:52:6,2.125
20/08/2019 06:53:6,2.125
20/08/2019 06:54:6,1.937
20/08/2019 06:55:6,2.125
20/08/2019 06:56:6,2.062
20/08/2019 06:57:6,1.937
20/08/2019 06:58:6,2.125
20/08/2019 06:59:6,2.125
20/08/2019 07:00:6,2.0
20/08/2019 07:01:6,2.125
20/08/2019 07:02:6,2.125
20/08/2019 07:03:6,2.187
20/08/2019 07:04:6,2.0
20/08/2019 07:05:6,2.125
20/08/2019 07:06:6,2.25
20/08/2019 07:07:6,2.0
20/08/2019 07:08:6,2.062
20/08/2019 07:09:6,2.062
20/08/2019 07:10:6,2.062
20/08/2019 07:11:6,2.25
20/08/2019 07:12:6,2.125
20/08/2019 07:13:6,2.25
20/08/2019 07:14:6,2.125
20/08/2019 07:15:5,2.312
20/08/2019 07:16:6,2.062
20/08/2019 07:17:6,2.312
20/08/2019 07:18:6,2.062
20/08/2019 07:19:6,2.312
20/08/2019 07:20:6,2.312
20/08/2019 07:21:6,2.125
20/08/2019 07:22:6,2.25
20/08/2019 07:23:6,2.25
20/08/2019 07:24:6,2.312
20/08/2019 07:25:6,2.312
20/08/2019 07:26:6,2.312
20/08/2019 07:27:6,2.125
20/08/2019 07:28:6,2.25
20/08/2019 07:29:5,2.312
20/08/2019 07:30:6,2.312
20/08/2019 07:31:5,2.375
20/08/2019 07:32:6,2.312
20/08/2019 07:33:6,2.375
20/08/2019 07:34:6,2.375
20/08/2019 07:35:6,2.437
20/08/2019 07:36:6,2.312
20/08/2019 07:37:6,2.437
20/08/2019 07:38:6,2.25
20/08/2019 07:39:6,2.437
20/08/2019 07:40:6,2.25
20/08/2019 07:41:6,2.437
20/08/2019 07:42:6,2.437
20/08/2019 07:43:5,2.187
20/08/2019 07:44:6,2.437
20/08/2019 07:45:6,2.437
20/08/2019 07:46:6,2.312
20/08/2019 07:47:6,2.437
20/08/2019 07:48:6,2.375
20/08/2019 07:49:6,2.437
20/08/2019 07:50:6,2.437
20/08/2019 07:51:6,2.375
20/08/2019 07:52:6,2.437
20/08/2019 07:53:6,2.437
20/08/2019 07:54:6,2.25
20/08/2019 07:55:5,2.562
20/08/2019 07:56:6,2.5
20/08/2019 07:57:6,2.562
20/08/2019 07:58:6,2.5
20/08/2019 07:59:6,2.562
20/08/2019 08:00:6,2.437
20/08/2019 08:01:6,2.375
20/08/2019 08:02:6,2.562
20/08/2019 08:03:6,2.5
20/08/2019 08:04:6,2.437
20/08/2019 08:05:5,2.375
20/08/2019 08:06:6,2.312
20/08/2019 08:07:6,2.562
20/08/2019 08:08:6,2.437
20/08/2019 08:09:6,2.375
20/08/2019 08:10:6,2.375
20/08/2019 08:11:5,2.562
20/08/2019 08:12:6,2.562
20/08/2019 08:13:6,2.312
20/08/2019 08:14:6,2.562
20/08/2019 08:15:6,2.562
20/08/2019 08:16:6,2.625
20/08/2019 08:17:6,2.437
20/08/2019 08:18:6,2.5
20/08/2019 08:19:6,2.625
20/08/2019 08:20:6,2.5
20/08/2019 08:21:6,2.687
20/08/2019 08:22:6,2.687
20/08/2019 08:23:6,2.625
20/08/2019 08:24:6,2.687
20/08/2019 08:25:6,2.437
20/08/2019 08:26:6,2.687
20/08/2019 08:27:6,2.5
20/08/2019 08:28:6,2.687
20/08/2019 08:29:5,2.562
20/08/2019 08:30:6,2.687
20/08/2019 08:31:6,2.687
20/08/2019 08:32:6,2.812
20/08/2019 08:33:6,2.75
20/08/2019 08:34:6,2.75
20/08/2019 08:35:6,2.75
20/08/2019 08:36:6,2.687
20/08/2019 08:37:7,2.812
20/08/2019 08:38:6,2.625
20/08/2019 08:39:6,2.562
20/08/2019 08:40:6,2.562
20/08/2019 08:41:6,2.625
20/08/2019 08:42:6,2.687
20/08/2019 08:43:6,2.875
20/08/2019 08:44:6,2.812
20/08/2019 08:45:6,2.875
20/08/2019 08:46:6,2.875
20/08/2019 08:47:6,2.875
20/08/2019 08:48:6,2.937
20/08/2019 08:49:6,2.875
20/08/2019 08:50:7,2.812
20/08/2019 08:51:6,2.875
20/08/2019 08:52:6,2.937
20/08/2019 08:53:6,2.937
20/08/2019 08:54:6,2.937
20/08/2019 08:55:6,2.812
20/08/2019 08:56:6,2.937
20/08/2019 08:57:6,2.937
20/08/2019 08:58:6,2.875
20/08/2019 08:59:6,3.0
20/08/2019 09:00:6,3.0
20/08/2019 09:01:6,3.0
20/08/2019 09:02:6,2.812
20/08/2019 09:03:6,2.937
20/08/2019 09:04:6,3.062
20/08/2019 09:05:6,2.875
20/08/2019 09:06:6,3.0
20/08/2019 09:07:6,3.0
20/08/2019 09:08:6,3.062
20/08/2019 09:09:6,3.062
20/08/2019 09:10:6,3.0
20/08/2019 09:11:6,3.062
20/08/2019 09:12:6,3.062
20/08/2019 09:13:6,3.125
20/08/2019 09:14:6,3.062
20/08/2019 09:15:6,2.875
20/08/2019 09:16:6,3.125
20/08/2019 09:17:6,3.125
20/08/2019 09:18:6,3.125
20/08/2019 09:19:6,3.125
20/08/2019 09:20:6,3.125
20/08/2019 09:21:6,3.062
20/08/2019 09:22:6,3.25
20/08/2019 09:23:6,3.187
20/08/2019 09:24:6,3.0
20/08/2019 09:25:5,3.187
20/08/2019 09:26:6,3.187
20/08/2019 09:27:6,3.187
20/08/2019 09:28:6,3.187
20/08/2019 09:29:6,3.25
20/08/2019 09:30:6,3.25
20/08/2019 09:31:6,3.25
20/08/2019 09:32:6,3.062
20/08/2019 09:33:6,3.125
20/08/2019 09:34:6,3.125
20/08/2019 09:35:6,3.062
20/08/2019 09:36:6,3.25
20/08/2019 09:37:6,3.312
20/08/2019 09:38:6,3.375
20/08/2019 09:39:6,3.375
20/08/2019 09:40:6,3.375
20/08/2019 09:41:6,3.375
20/08/2019 09:42:6,3.5
20/08/2019 09:43:6,3.375
20/08/2019 09:44:6,3.5
20/08/2019 09:45:5,3.375
20/08/2019 09:46:6,3.5
20/08/2019 09:47:6,3.437
20/08/2019 09:48:6,3.312
20/08/2019 09:49:6,3.312
20/08/2019 09:50:6,3.375
20/08/2019 09:51:6,3.5
20/08/2019 09:52:6,3.437
20/08/2019 09:53:5,3.5
20/08/2019 09:54:6,3.5
20/08/2019 09:55:6,3.625
20/08/2019 09:56:5,3.625
20/08/2019 09:57:6,3.437
20/08/2019 09:58:6,3.625
20/08/2019 09:59:6,3.562
20/08/2019 10:00:6,3.5
20/08/2019 10:01:5,3.562
20/08/2019 10:02:6,3.687
20/08/2019 10:03:5,3.625
20/08/2019 10:04:6,3.75
20/08/2019 10:05:6,3.687
20/08/2019 10:06:6,3.5
20/08/2019 10:07:6,3.562
20/08/2019 10:08:6,3.687
20/08/2019 10:09:6,3.812
20/08/2019 10:10:6,3.625
20/08/2019 10:11:6,3.687
20/08/2019 10:12:6,3.875
20/08/2019 10:13:6,3.812
20/08/2019 10:14:6,3.875
20/08/2019 10:15:5,3.75
20/08/2019 10:16:6,3.875
20/08/2019 10:17:6,3.875
20/08/2019 10:18:6,3.687
20/08/2019 10:19:6,3.937
20/08/2019 10:20:6,3.75
20/08/2019 10:21:6,3.937
20/08/2019 10:22:6,3.812
20/08/2019 10:23:6,3.937
20/08/2019 10:24:6,3.875
20/08/2019 10:25:6,4.062
20/08/2019 10:26:6,3.812
20/08/2019 10:27:6,4.062
20/08/2019 10:28:6,4.062
20/08/2019 10:29:6,4.125
20/08/2019 10:30:6,4.062
20/08/2019 10:31:6,4.187
20/08/2019 10:33:16,4.25
20/08/2019 10:34:6,4.25
20/08/2019 10:35:5,4.062
20/08/2019 10:36:6,4.25
20/08/2019 10:37:5,4.187
20/08/2019 10:38:5,4.25
20/08/2019 10:39:6,4.25
20/08/2019 10:40:6,4.25
20/08/2019 10:41:6,4.312
20/08/2019 10:42:6,4.25
20/08/2019 10:43:6,4.312
20/08/2019 10:44:6,4.187
20/08/2019 10:45:6,4.187
20/08/2019 10:46:6,4.437
20/08/2019 10:47:6,4.312
20/08/2019 10:48:6,4.437
20/08/2019 10:49:6,4.437
20/08/2019 10:50:6,4.25
20/08/2019 10:51:5,4.437
20/08/2019 10:52:6,4.5
20/08/2019 10:53:6,4.562
20/08/2019 10:54:6,4.562
20/08/2019 10:55:5,4.562
20/08/2019 10:56:6,4.625
20/08/2019 10:57:6,4.625
20/08/2019 10:58:6,4.687
20/08/2019 10:59:6,4.75
20/08/2019 11:00:6,4.75
20/08/2019 11:01:6,4.75
20/08/2019 11:02:6,4.75
20/08/2019 11:03:6,4.687
20/08/2019 11:04:6,4.875
20/08/2019 11:05:6,4.875
20/08/2019 11:06:6,4.812
20/08/2019 11:07:6,4.937
20/08/2019 11:08:6,4.937
20/08/2019 11:09:5,5.0
20/08/2019 11:10:6,5.0
20/08/2019 11:11:6,4.937
20/08/2019 11:12:6,5.062
20/08/2019 11:13:6,5.062
20/08/2019 11:14:6,5.187
20/08/2019 11:15:6,4.937
20/08/2019 11:16:6,5.187
20/08/2019 11:17:6,5.187
20/08/2019 11:18:6,5.312
20/08/2019 11:19:5,5.062
20/08/2019 11:20:6,5.312
20/08/2019 11:21:6,5.375
20/08/2019 11:22:6,5.375
20/08/2019 11:23:6,5.437
20/08/2019 11:24:6,5.312
20/08/2019 11:25:6,5.375
20/08/2019 11:26:5,5.5
20/08/2019 11:27:6,5.5
20/08/2019 11:28:6,5.437
20/08/2019 11:29:6,5.437
20/08/2019 11:30:6,5.625
20/08/2019 11:31:6,5.562
20/08/2019 11:32:6,5.687
20/08/2019 11:33:6,5.75
20/08/2019 11:34:6,5.625
20/08/2019 11:35:6,5.687
20/08/2019 11:36:6,5.75
20/08/2019 11:37:5,5.687
20/08/2019 11:38:6,5.812
20/08/2019 11:39:6,5.937
20/08/2019 11:40:6,5.875
20/08/2019 11:41:6,5.75
20/08/2019 11:42:6,5.937
20/08/2019 11:43:6,6.0
20/08/2019 11:44:6,6.062
20/08/2019 11:45:6,6.125
20/08/2019 11:46:6,6.062
20/08/2019 11:47:5,6.125
20/08/2019 11:48:6,6.187
20/08/2019 11:49:6,6.062
20/08/2019 11:50:6,6.062
20/08/2019 11:51:6,6.312
20/08/2019 11:52:6,6.125
20/08/2019 11:53:6,6.187
20/08/2019 11:54:6,6.187
20/08/2019 11:55:6,6.312
20/08/2019 11:56:6,6.25
20/08/2019 11:57:5,6.562
20/08/2019 11:58:6,6.562
20/08/2019 11:59:5,6.437
20/08/2019 12:00:6,6.5
20/08/2019 12:01:6,6.437
20/08/2019 12:02:6,6.375
20/08/2019 12:03:6,6.625
20/08/2019 12:04:6,6.625
20/08/2019 12:05:6,6.625
20/08/2019 12:06:6,6.5
20/08/2019 12:07:6,6.75
20/08/2019 12:08:6,6.562
20/08/2019 12:09:6,6.75
20/08/2019 12:10:6,6.75
20/08/2019 12:11:6,6.625
20/08/2019 12:12:6,6.687
20/08/2019 12:13:6,6.812
20/08/2019 12:14:6,6.812
20/08/2019 12:15:6,6.75
20/08/2019 12:16:6,6.937
20/08/2019 12:17:6,7.0
20/08/2019 12:18:6,7.0
20/08/2019 12:19:6,7.0
20/08/2019 12:20:6,6.875
20/08/2019 12:21:5,7.062
20/08/2019 12:22:6,7.062
20/08/2019 12:23:6,7.062
20/08/2019 12:24:7,6.937
20/08/2019 12:25:6,7.125
20/08/2019 12:26:6,7.187
20/08/2019 12:27:6,7.125
20/08/2019 12:28:6,7.062
20/08/2019 12:29:5,7.25
20/08/2019 12:30:6,7.125
20/08/2019 12:31:6,7.312
20/08/2019 12:32:6,7.25
20/08/2019 12:33:6,7.187
20/08/2019 12:34:6,7.375
20/08/2019 12:35:6,7.125
20/08/2019 12:36:6,7.5
20/08/2019 12:37:5,7.312
20/08/2019 12:38:7,7.5
20/08/2019 12:39:5,7.562
20/08/2019 12:40:6,7.562
20/08/2019 12:41:6,7.5
20/08/2019 12:42:6,7.375
20/08/2019 12:43:6,7.5
20/08/2019 12:44:6,7.437
20/08/2019 12:45:6,7.625
20/08/2019 12:46:6,7.687
20/08/2019 12:47:6,7.625
20/08/2019 12:48:6,7.687
20/08/2019 12:49:6,7.75
20/08/2019 12:50:6,7.75
20/08/2019 12:51:6,7.75
20/08/2019 12:52:6,7.75
20/08/2019 12:53:6,7.75
20/08/2019 12:54:6,7.875
20/08/2019 12:55:6,7.937
20/08/2019 12:56:6,7.937
20/08/2019 12:57:6,7.875
20/08/2019 12:58:6,7.937
20/08/2019 12:59:6,8.0
20/08/2019 13:00:6,7.875
20/08/2019 13:01:6,8.062
20/08/2019 13:02:6,8.062
20/08/2019 13:03:6,8.125
20/08/2019 13:04:6,7.937
20/08/2019 13:05:6,8.125
20/08/2019 13:06:6,8.125
20/08/2019 13:07:6,8.125
20/08/2019 13:08:6,8.0
20/08/2019 13:09:6,8.187
20/08/2019 13:10:6,8.25
20/08/2019 13:11:6,8.25
20/08/2019 13:12:6,8.312
20/08/2019 13:13:6,8.312
20/08/2019 13:14:6,8.187
20/08/2019 13:15:5,8.312
20/08/2019 13:16:6,8.437
20/08/2019 13:17:6,8.375
20/08/2019 13:18:6,8.312
20/08/2019 13:19:5,8.375
20/08/2019 13:20:6,8.25
20/08/2019 13:21:6,8.5
20/08/2019 13:22:6,8.437
20/08/2019 13:23:6,8.5
20/08/2019 13:24:6,8.562
20/08/2019 13:25:6,8.5
20/08/2019 13:26:6,8.5
20/08/2019 13:27:6,8.562
20/08/2019 13:28:6,8.562
20/08/2019 13:29:6,8.437
20/08/2019 13:30:6,8.625
20/08/2019 13:31:6,8.5
20/08/2019 13:32:6,8.75
20/08/2019 13:33:5,8.562
20/08/2019 13:34:6,8.687
20/08/2019 13:35:6,8.562
20/08/2019 13:36:6,8.812
20/08/2019 13:37:6,8.812
20/08/2019 13:38:6,8.625
20/08/2019 13:39:6,8.875
20/08/2019 13:40:6,8.75
20/08/2019 13:41:6,8.875
20/08/2019 13:42:6,9.187
20/08/2019 13:43:6,9.687
20/08/2019 13:44:7,9.812
20/08/2019 13:45:6,10.437
20/08/2019 13:46:6,10.5
20/08/2019 13:47:6,0.0
20/08/2019 13:48:7,11.0
20/08/2019 13:49:6,11.187
20/08/2019 13:50:7,11.25
20/08/2019 13:51:7,11.5
20/08/2019 13:52:7,11.75
20/08/2019 13:53:7,11.625
